name,number
['新乡市风驰谷旅游服务有限公司'],['浏览人数 ： 0']
['域安科技（上海）有限公司'],['浏览人数 ： 283']
['达昊（厦门）制造有限公司'],['浏览人数 ： 1']
['北汽福田汽车股份有限公司2025年校园招聘简章'],['浏览人数 ： 90']
['市场运营（应届生、实习生）'],['浏览人数 ： 95']
['正大集团河南区 2025 年度校园招聘简章'],['浏览人数 ： 770']
['鲁南制药集团2025招聘简章'],['浏览人数 ： 593']
['中铁建华南建设（广州）高科技产业有限公司招聘'],['浏览人数 ： 717']
['京东方2025春季全球校园招聘正式启动'],['浏览人数 ： 977']
['2025届电气类毕业生云端双选会暨就业冲刺专场（北极星）'],['浏览人数 ： 290']
['河南省人力资源和社会保障厅 河南省教育厅 河南省农业农村厅关于2025年乡村振兴村级协理员招用公告'],['浏览人数 ： 365']
['新乡西玛鼓风机股份有限公司'],['浏览人数 ： 540']
['猿辅导（郑州）  2025届校园招聘'],['浏览人数 ： 86']
['山西晋城钢铁控股集团2025年毕业生校园招聘简章'],['浏览人数 ： 544']
['南洋电缆（天津）有限公司'],['浏览人数 ： 237']
['百日冲刺-2025届毕业生系列招聘活动（毕业申）'],['浏览人数 ： 599']
['高途2025实习宣讲会来啦'],['浏览人数 ： 191']
['南阳开元学校高中部 2025年度教师招聘公告'],['浏览人数 ： 227']
['牧原2025校园招聘-补录'],['浏览人数 ： 649']
['中国航空工业集团新航2025届焊接招聘简章'],['浏览人数 ： 965']
['杭州鑫乐装饰材料有限公司'],['浏览人数 ： 361']
['科锐国际2025届春季校园招聘简章'],['浏览人数 ： 152']
['浙江恒拓电子科技有限公司'],['浏览人数 ： 496']
['新乡恒海机电科技有限公司'],['浏览人数 ： 623']
['阳光电源股份有限公司'],['浏览人数 ： 788']
['广东日丰电缆股份有限公司2025届校园招聘'],['浏览人数 ： 879']
['春季攻坚促就业 | 河南工学院2025届毕业生系列招聘活动（毕业申）'],['浏览人数 ： 305']
['多益网络2025届校园招聘春招最后一场在线宣讲会'],['浏览人数 ： 1126']
['4月央国企招聘合集（北极星）'],['浏览人数 ： 716']
['高途集团2025招聘信息'],['浏览人数 ： 521']
