姓名,擅长领域,时间
机动,产科,2024-06
王宇明,肝病科门诊,2024-06
邱春玲,产科,2024-06
林明杰,妇科,2024-06
赵志琼,妇科门诊,2024-06
机动,妇科,2024-06
岳秀兰,妇科门诊,2024-06
王儒鹏,皮肤·风湿免疫科门诊,2024-06
兰志红,耳鼻喉专科,2024-06
机动,儿科,2024-06
唐小葵,呼吸内科,2024-06
韩静,妇科门诊,2024-06
机动,大公馆儿科,2024-06
林华,眼科门诊,2024-06
周勤,妇科,2024-06
陈爱军,皮肤科,2024-06
苏丽,妇科门诊,2024-06
简丽,产科,2024-06
徐春容,普内科特需,2024-06
况利,精神科,2024-06
陈家秀,皮肤科,2024-06
姜政,消化内科,2024-06
李静,精神科,2024-06
龚自力,神经内科门诊,2024-06
梅同华,呼吸内科,2024-06
机动,儿童保健科,2024-06
何晓琴,皮肤科,2024-06
李荣亨,中西医结合科,2024-06
机动,口腔科,2024-06
梅耀宇,妇科,2024-06
苏新良,内分泌乳腺外科,2024-06
任成山,消化科门诊,2024-06
刘胜春,内分泌乳腺外科,2024-06
李鸿,眼科,2024-06
袁瑞,妇科,2024-06
机动,皮肤科,2024-06
邹帆,耳鼻喉专科,2024-06
李洪琼,大公馆儿科,2024-06
康厚墉,耳鼻咽喉科,2024-06
谯雁彬,门诊眼科,2024-06
张黎,眼科,2024-06
汤丽平,消化内科,2024-06
古赛,消化内科,2024-06
钟时勋,耳鼻咽喉科,2024-06
黄帅,产科,2024-06
王我,精神科,2024-06
张晓刚,心血管内科,2024-06
王璞,呼吸内科,2024-06
吴诚义,内分泌乳腺外科,2024-06
秦新月,神经内科,2024-06
张玉婷,妇科,2024-06
蓝长安,精神科,2024-06
高青,消化内科,2024-06
张学东,眼科,2024-06
蔡涛,皮肤科,2024-06
李维宏,生殖医学中心,2024-06
漆洪波,产科,2024-06
周旭春,消化内科,2024-06
甘长清,内分泌乳腺外科,2024-06
杨玉成,耳鼻咽喉科,2024-06
段东,核医学科,2024-06
崔斌,心血管内科门诊,2024-06
令狐华,妇科,2024-06
叶建宁,神经内科门诊,2024-06
李宜辉,消化科门诊,2024-06
俞丽丽,产科门诊,2024-06
胡良安,呼吸内科,2024-06
李凡,内分泌乳腺外科,2024-06
邱海棠,精神科,2024-06
杨德兰,精神科,2024-06
